phase,epoch_in_phase,global_epoch,train_nll,selection_accuracy,epoch_seconds,elapsed_seconds,checkpoint_updated
1,1,1,0.2937530003678939,0.906979501247406,3.303780299960636,3.3040279999841005,True
1,2,2,0.2093637085195016,0.9307152032852172,3.305626800050959,6.612665699911304,True
1,3,3,0.1754262778405102,0.9438581466674804,3.295692599960603,9.909742299932986,True
1,4,4,0.1544055291994289,0.9463689923286438,3.3003936999011785,13.211308499914594,True
1,5,5,0.1385963647809945,0.951861560344696,3.247155599994585,16.45970419992227,True
1,6,6,0.1259305173147304,0.9495860934257508,3.283900100039318,19.744964299956337,False
1,7,7,0.1171892040327557,0.9594727158546448,3.311755000031553,23.056828500004485,True
1,8,8,0.1092636187786041,0.9662207365036012,3.2627009000862017,26.32074370002374,True
1,9,9,0.1044824369815293,0.9634352326393129,3.2663813999388367,29.58886589994654,False
1,10,10,0.1001952894402791,0.9693593382835388,3.257251500035636,32.84627530002035,True
1,11,11,0.0950985069927901,0.9637883305549622,3.273397200042382,36.12092869996559,False
1,12,12,0.0931748254121254,0.9697516560554504,3.293793600052595,39.41481480002403,True
1,13,13,0.0897972827495995,0.9715563654899596,3.241056200000457,42.65710589999799,True
1,14,14,0.0887002459214559,0.9709678888320924,3.246017799945548,45.904283199924976,False
1,15,15,0.08584916061884,0.97037935256958,3.270611900021322,49.17497009993531,False
1,16,16,0.0831713467325429,0.9722625613212584,3.2534832999808714,52.42854190000799,True
1,17,17,0.0821850233740496,0.9722625613212584,3.2602938000345603,55.69019250001293,False
1,18,18,0.0805851900132714,0.9741457104682922,3.2270043999888003,58.91728059994057,True
1,19,19,0.079519491096796,0.974773406982422,3.243177799973637,62.16161189996637,True
1,20,20,0.0777208079249654,0.9740279912948608,3.265340500045568,65.42821539996658,False
1,21,21,0.0767800019309845,0.9770881533622742,3.321908099926077,68.75019029993564,True
1,22,22,0.0753539332853917,0.975793480873108,3.2992722999770194,72.0507571999915,False
1,23,23,0.0748226077531255,0.9768919944763184,3.240948799997568,75.29177789995447,False
1,24,24,0.0731619342899165,0.9764211773872375,3.2464517999906093,78.53829499997664,False
1,25,25,0.0726452546563499,0.976774275302887,3.301956200040877,81.8403210999677,False
1,26,26,0.072421853300895,0.9748126864433287,3.269779199967161,85.11018079996575,False
1,27,27,0.0715131665898186,0.9751657843589784,3.266937699983828,88.37719479994848,False
1,28,28,0.0705402442931453,0.9766173362731934,3.255313200061209,91.63258229999336,False
1,29,29,0.069757027833552,0.976068079471588,3.2294773999601603,94.86212509998586,False
1,30,30,0.0689316658924693,0.97555810213089,3.2637571999803185,98.12595809996128,False
1,31,31,0.0686446532493517,0.9786182045936584,3.2729795000050217,101.39900839992332,True
1,32,32,0.0675968517064072,0.976813554763794,3.2607003999874,104.66095419996418,False
1,33,33,0.0677166868083543,0.9766958355903624,3.2388401000062004,107.89986779994796,False
1,34,34,0.0670317919019748,0.977519690990448,3.2530564999906346,111.15299229999071,False
1,35,35,0.0661643996056564,0.977558970451355,3.313323499984108,114.46638839994556,False
1,36,36,0.0657818422909754,0.9788536429405212,3.2643436000216752,117.73080909997223,True
1,37,37,0.0655081511080537,0.9741457104682922,3.273019599961117,121.00511079991702,False
1,38,38,0.0652508571800197,0.978304386138916,3.269218000001274,124.27440250001382,False
1,39,39,0.0648828069739544,0.9786182045936584,3.279669400071725,127.5541521999985,False
1,40,40,0.0635460012059757,0.9792851805686952,3.310691900085658,130.864927800023,True
1,41,41,0.0640415163725182,0.9787359237670898,3.235657999990508,134.10189759999048,False
1,42,42,0.0635523083632744,0.979755997657776,3.259943399927579,137.36191829992458,True
1,43,43,0.0632004677231623,0.9768919944763184,3.2967132999328896,140.66018349991646,False
1,44,44,0.062830258169891,0.979049801826477,3.2431987000163645,143.90346649999265,False
1,45,45,0.0628840648287639,0.9793244004249572,3.244738499983214,147.14828449999914,False
1,46,46,0.0619359599113292,0.9788928627967834,3.253613999928348,150.40201969991904,False
1,47,47,0.0618489708869385,0.978304386138916,3.270037499954924,153.67214089992922,False
1,48,48,0.0615960028695513,0.9788928627967834,3.2633960000239317,156.9356069000205,False
1,49,49,0.0615209966548001,0.978971302509308,3.286899600061588,160.22258890001103,False
1,50,50,0.0608106957851716,0.9808545112609864,3.2507298999698837,163.47339089994784,True
1,51,51,0.0606855527109646,0.9799128770828248,3.23712990002241,166.71177669998724,False
1,52,52,0.0601999523248798,0.9792851805686952,3.272936100023798,169.9847834999673,False
1,53,53,0.0603058526870596,0.9786574840545654,3.2507084000390023,173.23556549998466,False
1,54,54,0.0598457647092762,0.9811683297157288,3.266504999948665,176.50214799994137,True
1,55,55,0.0592504409119732,0.9790105819702148,3.250737299909815,179.75408799992874,False
1,56,56,0.0592488964245503,0.9806583523750304,3.2403543000109494,182.9945558999898,False
1,57,57,0.0592560735030577,0.9808545112609864,3.248937900061719,186.2435753999744,False
1,58,58,0.0587808674689446,0.9804229140281676,3.2853710000636056,189.52903149998747,False
1,59,59,0.0589518116096065,0.9815214276313782,3.419328499934636,192.94843909994236,True
1,60,60,0.0578830733253983,0.9805406332015992,3.2557501000119373,196.20545799995307,False
1,61,61,0.0583790114436166,0.9806975722312928,3.331041100085713,199.53657220001327,False
1,62,62,0.0579210592168287,0.9805798530578612,3.4493326999945566,202.98596740001813,False
1,63,63,0.0581908500260077,0.9790105819702148,3.2477739000460133,206.23382560000755,False
1,64,64,0.0572626704151053,0.9808545112609864,3.260141600039788,209.4940500999801,False
1,65,65,0.0574151737332806,0.9814037680625916,3.338415000005625,212.83254029997624,False
1,66,66,0.0568525064987622,0.9791282415390016,3.256174300098792,216.08878489991184,False
1,67,67,0.0573313625275212,0.9815214276313782,3.2690513000125065,219.3579168999568,False
1,68,68,0.0567919572018144,0.981482207775116,3.2507047000108287,222.60869899997488,False
1,69,69,0.0563891384632915,0.9808937311172484,3.25503859994933,225.86381479993,False
1,70,70,0.0567025381483943,0.979991376399994,3.273317600018345,229.1372120999731,False
1,71,71,0.0566705420654969,0.9818745255470276,3.712637700024061,232.849921099958,True
1,72,72,0.0561165935426394,0.981717586517334,3.251681399997324,236.10293559997808,False
1,73,73,0.0559753188306188,0.979991376399994,3.35720119997859,239.46020259999204,False
1,74,74,0.056650972651236,0.983208417892456,3.2752701999852434,242.7355503999861,True
1,75,75,0.0560687577522268,0.9794028997421264,3.2710240999003872,246.0078487999272,False
1,76,76,0.0558879293896793,0.9818745255470276,3.2778498999541625,249.2857849999564,False
1,77,77,0.0553984377017131,0.9820706844329834,3.238914699992165,252.5247734999284,False
1,78,78,0.0560240530263825,0.981246829032898,3.2243871999671683,255.7492296999553,False
1,79,79,0.0554697499680728,0.9814429879188538,3.264236200018786,259.0135424999753,False
1,80,80,0.0552175895844871,0.9823060631752014,3.237629700102844,262.25125630002003,False
1,81,81,0.0550036837864671,0.9794028997421264,3.259237200021744,265.51057119993493,False
1,82,82,0.0548846966033106,0.9818353056907654,3.23481409996748,268.745465499931,False
1,83,83,0.0546100992184198,0.9823060631752014,3.2590520000085235,272.0045872000046,False
1,84,84,0.0546832785607262,0.9823845624923706,3.2218395000090823,275.2265091999434,False
1,85,85,0.0544328309878874,0.9819530248641968,3.337828299961984,278.5644057999598,False
1,86,86,0.0542474880259281,0.9826984405517578,3.257059899973683,281.82154389994685,False
1,87,87,0.0543572556723378,0.9826199412345886,3.2828776000533253,285.10449609998614,False
1,88,88,0.0542978506812872,0.9813644886016846,3.2605916000902653,288.3651557000121,False
1,89,89,0.0542460660321144,0.9825415015220642,3.2407689000247046,291.6060096999863,False
1,90,90,0.0540452303338273,0.9817960858345032,3.3047465999843557,294.9108355999924,False
1,91,91,0.0535419810467376,0.981482207775116,3.4331623000325635,298.3440981999738,False
1,92,92,0.0533824687769037,0.9818745255470276,3.267542500048876,301.6117277999874,False
1,93,93,0.0537747011547079,0.9824237823486328,3.2309509000042453,304.84276229992975,False
1,94,94,0.0536361467944752,0.9831299781799316,3.30315699998755,308.1459883999778,False
1,95,95,0.0532047099025999,0.981992244720459,3.2343928000191227,311.3804508999456,False
1,96,96,0.0537096948517699,0.9815999269485474,3.265897100092843,314.64643819991034,False
1,97,97,0.0531271124275481,0.9815999269485474,3.2734806999797,317.91999439999927,False
1,98,98,0.0531380999346254,0.9806583523750304,3.2502143000019714,321.1702832999872,False
1,99,99,0.0529602403272978,0.9820314645767212,3.233477000030689,324.40382889995817,False
1,100,100,0.0527959112633149,0.9830122590065002,3.2266985999885947,327.6306350999512,False
2,1,101,0.0526687320169762,0.9826591610908508,3.256842299946584,330.88755639991723,True
2,2,102,0.0525453250406408,0.9819137454032898,3.2330196000402798,334.12189309997484,False
2,3,103,0.0525342539956751,0.9833261370658876,3.312638200004585,337.434608999989,True
2,4,104,0.0526022771257565,0.9818353056907654,3.2498699999414384,340.6861134999199,False
2,5,105,0.0525243039227175,0.9826591610908508,3.235660500009544,343.92185179993976,False
2,6,106,0.0521281852179975,0.982973039150238,3.253653099993244,347.17558499996085,False
2,7,107,0.0521247825871071,0.9819137454032898,3.247645099996589,350.423297500005,False
2,8,108,0.0524757354438744,0.9824237823486328,3.2465453000040725,353.66993470001034,False
2,9,109,0.0522197100398615,0.982502281665802,3.327106900047511,356.9971249999944,False
2,10,110,0.05233634912457,0.983404576778412,3.228259399998933,360.2254530999344,True
2,11,111,0.0517319263473484,0.9822668433189392,3.256538199959323,363.4832181999227,False
2,12,112,0.0520178181588468,0.9829338192939758,3.2866206999169663,366.7699125999352,False
2,13,113,0.0516922107353717,0.9818353056907654,3.286947900080122,370.0569498999976,False
2,14,114,0.051729200134776,0.9828161001205444,3.2203756000380963,373.2774063999532,False
2,15,115,0.0512095524650604,0.9819137454032898,3.22507309995126,376.5025618999498,False
2,16,116,0.0514631038954207,0.9812860488891602,3.2395372999599203,379.7421802999452,False
2,17,117,0.0514480814226398,0.9829338192939758,3.2403934999601915,382.9826391999377,False
2,18,118,0.0511920034273829,0.9836400151252748,3.273346900008619,386.2560520999832,True
2,19,119,0.0510665622719633,0.981756865978241,3.257627599989064,389.5149424999254,False
2,20,120,0.0506257892377858,0.9830122590065002,3.2922702999785542,392.80729089991655,False
2,21,121,0.0509733588749459,0.9821099042892456,3.305796700064093,396.1131638999796,False
2,22,122,0.0510085630890485,0.9823453426361084,3.2788831000216305,399.3921256000176,False
2,23,123,0.0513941205679485,0.9827768802642822,3.24700530001428,402.6392134999624,False
2,24,124,0.0509320529853157,0.9826984405517578,3.2323473000433296,405.87163700000383,False
2,25,125,0.0508615609350014,0.9823060631752014,3.256199200055562,409.1279081000248,False
2,26,126,0.0505776909729008,0.9824237823486328,3.212648299988359,412.3406464,False
2,27,127,0.0503970250127462,0.9820706844329834,3.2360423000063747,415.5767696999246,False
2,28,128,0.0506666500594415,0.9834438562393188,3.2492932999739423,418.82613549998496,False
2,29,129,0.050429575103728,0.9832869172096252,3.2748196000466123,422.1010280000046,False
2,30,130,0.0505621266951993,0.981717586517334,3.265262500033714,425.3663547999458,False
2,31,131,0.0504004240748487,0.9835615158081056,3.3003737999824807,428.6668046999257,False
2,32,132,0.0503349333100216,0.9825415015220642,3.212927599903196,431.8798207999207,False
2,33,133,0.0499934218540921,0.9823060631752014,3.219348899903707,435.0992429999169,False
2,34,134,0.050120630335132,0.9829338192939758,3.255052600055933,438.3543743999908,False
2,35,135,0.0503521346094647,0.982973039150238,3.2336880000075325,441.5881377999904,False
2,36,136,0.0492286936556558,0.9819137454032898,3.2240390999941155,444.8122608999256,False
2,37,137,0.0499167802329343,0.9823060631752014,3.224184500053525,448.0365199999651,False
2,38,138,0.0501750910299045,0.9825807213783264,3.2300574000691995,451.2666473999852,False
2,39,139,0.049868693410366,0.9838361740112304,3.2411076999269426,454.5078315999126,True
2,40,140,0.0494883016190735,0.9825807213783264,3.313492699991912,457.8227295000106,False
2,41,141,0.0499483376018756,0.9830515384674072,3.2452146998839453,461.0680228999117,False
2,42,142,0.0495868529834499,0.9817960858345032,3.2273660000646487,464.29545580002014,False
2,43,143,0.0496056787392516,0.9832869172096252,3.255828599911183,467.5513596999226,False
2,44,144,0.0493705038913105,0.9832869172096252,3.223857800010592,470.7752943999367,False
2,45,145,0.0494005425943402,0.9836400151252748,3.2817342000780627,474.0571048000129,False
2,46,146,0.049304630039453,0.9816391468048096,3.2399238999933004,477.297102099983,False
2,47,147,0.049331908950194,0.9836792349815368,3.2189474999904637,480.5161263999762,False
2,48,148,0.0494368605062585,0.9830122590065002,3.243352200021036,483.7595482999459,False
2,49,149,0.0491546261215165,0.9837969541549684,3.2679004999808967,487.027517199982,False
2,50,150,0.0489114587324526,0.9828553199768066,3.246762300026603,490.27437220001593,False
2,51,151,0.0492037224149692,0.9836007952690125,3.255782000022009,493.5302212999668,False
2,52,152,0.0490474471143624,0.9831299781799316,3.2281381000066176,496.7584600999253,False
2,53,153,0.0491092782140586,0.98273766040802,3.2307046999922022,499.98923059995286,False
2,54,154,0.0488290528326452,0.9823453426361084,3.2230286999838427,503.2123583999928,False
2,55,155,0.0492013768731093,0.983247697353363,3.225855700089596,506.43829849991016,False
2,56,156,0.0489896053041448,0.9839538335800172,3.2773950999835506,509.71577939996496,True
2,57,157,0.0486057624055512,0.9828945994377136,3.2377520999871194,512.9548473999603,False
2,58,158,0.0487285297326873,0.9836007952690125,3.372539199888706,516.3274561999133,False
2,59,159,0.048869660667104,0.982502281665802,3.310187799972482,519.6377299999585,False
2,60,160,0.0485664343832914,0.982463002204895,3.243753300048411,522.8815580999944,False
2,61,161,0.048798913649724,0.9828161001205444,3.2516277000540867,526.1332685999805,False
2,62,162,0.048282413178592,0.981992244720459,3.354003799962811,529.4873528999742,False
2,63,163,0.0486002519147147,0.98273766040802,3.3321318000089377,532.8195453999797,False
2,64,164,0.0481172375077871,0.9823845624923706,3.224188100080937,536.0438035000116,False
2,65,165,0.0486438320843347,0.9827768802642822,3.2477923000697047,539.2916623000056,False
2,66,166,0.048067687200889,0.9837969541549684,3.2258537000743672,542.517600000021,False
2,67,167,0.0486101087180494,0.9829338192939758,3.3022633999353275,545.8199399999576,False
2,68,168,0.0483746889425202,0.9828945994377136,3.310226000030525,549.1302410999779,False
2,69,169,0.0482424842552802,0.9826591610908508,3.2374332000035797,552.3677491999697,False
2,70,170,0.0480848384672223,0.9835222959518432,3.254124699975364,555.621942400001,False
2,71,171,0.0479892965706633,0.9832869172096252,3.2363087999401614,558.858329199953,False
2,72,172,0.0480011622553643,0.9831299781799316,3.2450205999193718,562.1034330999246,False
2,73,173,0.0480761050746389,0.9825415015220642,3.288061800063588,565.3915730000008,False
2,74,174,0.047987516083555,0.9828161001205444,3.2547025000676517,568.6463618999114,False
2,75,175,0.0479738989546784,0.9843462109565736,3.2240321999415755,571.8704703999683,True
2,76,176,0.0479887063425427,0.9823845624923706,3.255927099962719,575.1276553999633,False
2,77,177,0.0480365373343092,0.9841500520706176,3.2884106000419706,578.4161446000217,False
2,78,178,0.047850332408018,0.98273766040802,3.2645498999627307,581.6807776999194,False
2,79,179,0.0478365418686017,0.9835222959518432,3.2591282000066712,584.939984699944,False
2,80,180,0.0477169659964101,0.9830122590065002,3.237057999940589,588.1771693999181,False
2,81,181,0.0477283086310095,0.9831299781799316,3.2654870999976997,591.4427284999983,False
2,82,182,0.0475036935409656,0.9823453426361084,3.251968300086446,594.694762900006,False
2,83,183,0.0476359509112793,0.982227623462677,3.2566876000491902,597.9515323999804,False
2,84,184,0.0475387387117248,0.983208417892456,3.2523368999827653,601.203947699978,False
2,85,185,0.0477026154531709,0.9840715527534484,3.262129500042647,604.466146599967,False
2,86,186,0.0473694873068511,0.9836792349815368,3.309668799978681,607.7758934999583,False
2,87,187,0.0472879862505471,0.9841500520706176,3.27371909993235,611.0496942999307,False
2,88,188,0.0471671665911562,0.9836007952690125,3.2617850999813527,614.3115519999992,False
2,89,189,0.0475825626711877,0.9837969541549684,3.255582000012509,617.5672011999413,False
2,90,190,0.0472191459902279,0.9828161001205444,3.2675654999911785,620.8348453999497,False
2,91,191,0.0470831437312112,0.9831691980361938,3.327795600052923,624.1627493000124,False
2,92,192,0.04697667572034,0.983247697353363,3.2730049000820145,627.4358198000118,False
2,93,193,0.0470291073386737,0.9840323328971864,3.24900189996697,630.684893699945,False
2,94,194,0.0468635373869268,0.9830907583236694,3.275908699957654,633.9608821999282,False
2,95,195,0.0470631932153563,0.9826199412345886,3.290326299960725,637.2512881999137,False
2,96,196,0.0468510191129376,0.9830122590065002,3.321791499969549,640.5731657999568,False
2,97,197,0.0468461913831976,0.983483076095581,3.245947899995372,643.8191812000005,False
2,98,198,0.0466854468803474,0.9828945994377136,3.267884199973196,647.0871391999535,False
2,99,199,0.0468307256390518,0.9833653569221495,3.255910399951972,650.3431281999219,False
2,100,200,0.0466289840956118,0.982973039150238,3.2576591999968514,653.6008571999846,False
