recording,rows,accuracy,precision,recall,f1,average_precision,roc_auc,tn,fp,fn,tp,slip_fraction,decision_rule
apple,1566,0.9923371647509579,0.9795918367346939,0.96,0.9696969696969697,0.9949511730785006,0.9990739385065887,1362,4,8,192,0.1277139208173691,sigmoid(logit) > 0.5
ball,1131,0.9787798408488063,0.9766081871345029,0.893048128342246,0.9329608938547486,0.9855016161928691,0.9965048037705067,940,4,20,167,0.16534040671971706,sigmoid(logit) > 0.5
book,1100,0.9881818181818182,0.9794871794871794,0.955,0.9670886075949368,0.9940970596606222,0.9984888888888889,896,4,9,191,0.18181818181818182,sigmoid(logit) > 0.5
bottle,1191,0.9848866498740554,0.9156626506024096,0.9743589743589743,0.9440993788819876,0.9888526618965837,0.9980118914901523,1021,14,4,152,0.1309823677581864,sigmoid(logit) > 0.5
cable,1023,0.9912023460410557,0.9743589743589743,0.979381443298969,0.9768637532133676,0.9967036025027006,0.9991978908882893,824,5,4,190,0.18963831867057673,sigmoid(logit) > 0.5
carambole,1500,0.9906666666666667,0.9354838709677419,0.9157894736842105,0.925531914893617,0.9825215468852861,0.998771305487919,1399,6,8,87,0.06333333333333334,sigmoid(logit) > 0.5
cork,1012,0.9802371541501976,0.9709302325581395,0.9175824175824175,0.943502824858757,0.9851487788834021,0.996325963193433,825,5,15,167,0.17984189723320157,sigmoid(logit) > 0.5
cream,1343,0.9992553983618764,0.9959016393442623,1.0,0.997946611909651,0.9999831343182891,0.9999962588851479,1099,1,0,243,0.18093819806403574,sigmoid(logit) > 0.5
cup,1520,0.8756578947368421,0.973753280839895,0.6745454545454546,0.7969924812030075,0.9498882793429818,0.9671433926897846,960,10,179,371,0.3618421052631579,sigmoid(logit) > 0.5
elastic,1441,0.9847328244274809,0.9488372093023256,0.9488372093023256,0.9488372093023256,0.9895737537470776,0.9968663454607535,1215,11,11,204,0.14920194309507287,sigmoid(logit) > 0.5
foam,1683,0.9976232917409388,0.9862385321100917,0.9953703703703703,0.9907834101382489,0.9997009619381189,0.999955818122144,1464,3,1,215,0.12834224598930483,sigmoid(logit) > 0.5
foam_filter,1612,0.9869727047146402,0.981651376146789,0.9264069264069265,0.9532293986636972,0.9879387150530231,0.9972258009911884,1377,4,17,214,0.1433002481389578,sigmoid(logit) > 0.5
gluestick,1033,0.995159728944821,0.9753086419753086,0.9937106918238994,0.9844236760124611,0.9988540484205299,0.9997985118662118,870,4,1,158,0.15392061955469508,sigmoid(logit) > 0.5
grappe,1479,0.9858012170385395,0.9552715654952076,0.9771241830065359,0.9660743134087237,0.9947445093723587,0.9983367601089882,1159,14,7,299,0.20689655172413793,sigmoid(logit) > 0.5
no_slip,4485,0.9997770345596433,0.0,0.0,0.0,,,4484,1,0,0,0.0,sigmoid(logit) > 0.5
socks,789,0.9835234474017744,0.9880952380952381,0.9378531073446328,0.9623188405797102,0.9944663918200989,0.9981536870868875,610,2,11,166,0.22433460076045628,sigmoid(logit) > 0.5
tissues,1581,0.9924098671726755,0.975609756097561,0.9876543209876543,0.9815950920245399,0.9989200986279887,0.9997102644941415,1249,8,4,320,0.2049335863377609,sigmoid(logit) > 0.5
