architecture,steps,method,temperature,seed,epoch,parameters,object,accuracy,precision,recall,f1,ap,roc_auc,ece,nll,brier,rows,tn,fp,fn,tp
lstm,50,raw,1.0,42,200,90881,grappe,0.737151248164464,0.0425531914893617,0.014705882352941176,0.02185792349726776,0.1348449776874636,0.22303022126281702,0.24072390846198033,2.4334165234719114,0.23975366043374433,681,500,45,134,2
lstm,50,raw,1.0,42,200,90881,socks,0.6147757255936676,0.13513513513513514,0.10869565217391304,0.12048192771084337,0.210487630896967,0.42122405696106646,0.3790450247734599,3.3255469044923958,0.37686430459132314,379,223,64,82,10
lstm,50,raw,1.0,42,200,90881,tissues,0.8180610889774237,0.7857142857142857,0.1437908496732026,0.2430939226519337,0.3064764161059522,0.46676470588235286,0.17845062533413542,1.7413792361974398,0.17965339203457475,753,594,6,131,22
lstm,50,temperature,5.8347659513496675,42,200,90881,grappe,0.737151248164464,0.0425531914893617,0.014705882352941176,0.02185792349726776,0.1348449776874636,0.22303022126281702,0.24023740697043236,0.6767950853226544,0.21005354528614303,681,500,45,134,2
lstm,50,temperature,5.8347659513496675,42,200,90881,socks,0.6147757255936676,0.13513513513513514,0.10869565217391304,0.12048192771084337,0.210487630896967,0.42122405696106646,0.24554572122709215,0.7927619516181176,0.2788762740909725,379,223,64,82,10
lstm,50,temperature,5.8347659513496675,42,200,90881,tissues,0.8180610889774237,0.7857142857142857,0.1437908496732026,0.2430939226519337,0.3064764161059522,0.46676470588235286,0.14125793851798857,0.5101980552706438,0.1594588384561374,753,594,6,131,22
gru,50,raw,1.0,42,200,72321,grappe,0.7386196769456681,0.0,0.0,0.0,0.2724924593623843,0.6678629249865083,0.2377158931936712,1.8594099315047465,0.24020109586572536,681,503,42,136,0
gru,50,raw,1.0,42,200,72321,socks,0.6174142480211082,0.09230769230769231,0.06521739130434782,0.07643312101910828,0.21711012801387086,0.3525602181487653,0.33407738373811113,2.8969356913038546,0.33452896545501776,379,228,59,86,6
gru,50,raw,1.0,42,200,72321,tissues,0.8087649402390438,0.576271186440678,0.2222222222222222,0.32075471698113206,0.4946900403372148,0.7244553376906319,0.17593869661645384,1.6275660763840125,0.17520379686993565,753,575,25,119,34
gru,50,temperature,6.9258634728912725,42,200,72321,grappe,0.7386196769456681,0.0,0.0,0.0,0.2724924593623843,0.6678629249865083,0.14128559134083327,0.5157176300266942,0.16758466922172233,681,503,42,136,0
gru,50,temperature,6.9258634728912725,42,200,72321,socks,0.6174142480211082,0.09230769230769231,0.06521739130434782,0.07643312101910828,0.21711012801387086,0.3525602181487653,0.16111137397806186,0.720821854242943,0.24724134518414964,379,228,59,86,6
gru,50,temperature,6.9258634728912725,42,200,72321,tissues,0.8087649402390438,0.576271186440678,0.2222222222222222,0.32075471698113206,0.4946900403372148,0.7244553376906319,0.0361859177572105,0.435462331585971,0.13651631866696595,753,575,25,119,34
lstm,1,raw,1.0,42,200,90881,grappe,0.7782672540381792,0.2727272727272727,0.0661764705882353,0.10650887573964497,0.15578415585522962,0.29825957906098216,0.20818639256471744,4.071168414342121,0.21666615221258856,681,521,24,127,9
lstm,1,raw,1.0,42,200,90881,socks,0.7519788918205804,0.4375,0.07608695652173914,0.12962962962962962,0.26426700260960795,0.4269428874412967,0.2396279574352143,5.508577208775887,0.24329943286513903,379,278,9,85,7
lstm,1,raw,1.0,42,200,90881,tissues,0.7941567065073041,0.4,0.026143790849673203,0.049079754601226995,0.163731248464539,0.32996732026143794,0.1977636046575944,4.191277099457442,0.20459196683323153,753,594,6,149,4
lstm,1,temperature,14.005017090683797,42,200,90881,grappe,0.7782672540381792,0.2727272727272727,0.0661764705882353,0.10650887573964497,0.15578415585522962,0.29825957906098216,0.2994475266365596,0.7289492252757042,0.24212361938451435,681,521,24,127,9
lstm,1,temperature,14.005017090683797,42,200,90881,socks,0.7519788918205804,0.4375,0.07608695652173914,0.12962962962962962,0.26426700260960795,0.4269428874412967,0.23829609337816673,0.6927600332566207,0.2309054364947373,379,278,9,85,7
lstm,1,temperature,14.005017090683797,42,200,90881,tissues,0.7941567065073041,0.4,0.026143790849673203,0.049079754601226995,0.163731248464539,0.32996732026143794,0.25793943167873346,0.6435317933144404,0.21720640614308337,753,594,6,149,4
gru,1,raw,1.0,42,200,72321,grappe,0.7665198237885462,0.21951219512195122,0.0661764705882353,0.1016949152542373,0.1481391596078676,0.2836211548839719,0.20739244036750984,2.996110359761346,0.22572346041026395,681,513,32,127,9
gru,1,raw,1.0,42,200,72321,socks,0.6649076517150396,0.05128205128205128,0.021739130434782608,0.030534351145038167,0.15926096770379408,0.2442432964702318,0.3026580943230351,4.859298118823398,0.3096851112353827,379,250,37,90,2
gru,1,raw,1.0,42,200,72321,tissues,0.8007968127490039,0.5230769230769231,0.2222222222222222,0.3119266055045872,0.3197424868792704,0.35840958605664486,0.1865047178759495,3.8691220599775944,0.19453694392123574,753,569,31,119,34
gru,1,temperature,11.76066075238802,42,200,72321,grappe,0.7665198237885462,0.21951219512195122,0.0661764705882353,0.1016949152542373,0.1481391596078676,0.2836211548839719,0.2808903878242922,0.6956016447945118,0.23771230539973365,681,513,32,127,9
gru,1,temperature,11.76066075238802,42,200,72321,socks,0.6649076517150396,0.05128205128205128,0.021739130434782608,0.030534351145038167,0.15926096770379408,0.2442432964702318,0.15236907974419367,0.731980228518142,0.24757420225404272,379,250,37,90,2
gru,1,temperature,11.76066075238802,42,200,72321,tissues,0.8007968127490039,0.5230769230769231,0.2222222222222222,0.3119266055045872,0.3197424868792704,0.35840958605664486,0.25740950347739106,0.6966111514841217,0.22331925333203143,753,569,31,119,34
