trial,epoch,train_nll,elapsed_seconds
lstm_t1,1,0.4511544297415735,0.2513277999823913
lstm_t1,2,0.4077730129804034,0.4764522999757901
lstm_t1,3,0.3953652867121732,0.7160358000546694
lstm_t1,4,0.3816659523669268,0.9388096999609844
lstm_t1,5,0.3726265420928283,1.2051306000212207
lstm_t1,6,0.3581323209899287,1.4313742000376806
lstm_t1,7,0.3493003178663921,1.6968462000368163
lstm_t1,8,0.3325600140885704,1.9096129999961704
lstm_t1,9,0.3185250346227862,2.133738800068386
lstm_t1,10,0.3101320993851675,2.333432100014761
lstm_t1,11,0.2976318132018329,2.546124599990435
lstm_t1,12,0.2819204649233964,2.761934600071981
lstm_t1,13,0.2690074170308401,2.9893919000169262
lstm_t1,14,0.2636819668443408,3.209424000000581
lstm_t1,15,0.2469088904595067,3.441351199988276
lstm_t1,16,0.2381245079776367,3.649808299960569
lstm_t1,17,0.2301271907797806,3.879719999968074
lstm_t1,18,0.2258717979118987,4.108969400054775
lstm_t1,19,0.2225499634765833,4.369997599977069
lstm_t1,20,0.2140614074318689,4.58503129996825
lstm_t1,21,0.2162790695404131,4.8109805000713095
lstm_t1,22,0.2102298405525394,5.041401299997233
lstm_t1,23,0.2017303967783841,5.284418600029312
lstm_t1,24,0.2059662977118301,5.522862900048494
lstm_t1,25,0.1991652697527351,5.799047300009988
lstm_t1,26,0.1993613002668587,6.002126100007445
lstm_t1,27,0.1948867878749369,6.211929999990389
lstm_t1,28,0.1962334353914883,6.483429600019008
lstm_t1,29,0.1917425398515407,6.7625007999595255
lstm_t1,30,0.189457797866383,7.003230500034988
lstm_t1,31,0.187699072316218,7.259256100049242
lstm_t1,32,0.1821434814698188,7.498929900000803
lstm_t1,33,0.1793737087543119,7.72527799999807
lstm_t1,34,0.1766901763838562,7.948068600031547
lstm_t1,35,0.1767182839638031,8.167848899960518
lstm_t1,36,0.1773077415911459,8.437806500005536
lstm_t1,37,0.1707041655001714,8.677201400045305
lstm_t1,38,0.1739027489541462,8.929759999969974
lstm_t1,39,0.1705910609155022,9.15210130007472
lstm_t1,40,0.1667882644404852,9.415132599999197
lstm_t1,41,0.168680775994188,9.660051599959845
lstm_t1,42,0.1642825079766525,9.907276800018735
lstm_t1,43,0.1658636404899089,10.12110460002441
lstm_t1,44,0.1639000870373523,10.393835599999877
lstm_t1,45,0.1607500558337899,10.667097400058992
lstm_t1,46,0.1578164384488262,10.901953099993989
lstm_t1,47,0.1540165000894619,11.100386600010095
lstm_t1,48,0.1588484992651125,11.363864499959163
lstm_t1,49,0.1562662075706115,11.60137350007426
lstm_t1,50,0.1531056523890336,11.882615400012584
lstm_t1,51,0.1535256594510649,12.128755999961868
lstm_t1,52,0.1511141737400067,12.344578800024465
lstm_t1,53,0.1524205171964672,12.58856740000192
lstm_t1,54,0.1494947120263656,12.86472239997238
lstm_t1,55,0.1449188024342506,13.110009400057606
lstm_t1,56,0.1457793787881519,13.382004200015215
lstm_t1,57,0.1435284867710519,13.619571899995208
lstm_t1,58,0.1433016927944487,13.856348700006492
lstm_t1,59,0.1396482898913865,14.093913899967449
lstm_t1,60,0.1441090482684076,14.333646400016733
lstm_t1,61,0.1368254112759712,14.581400400027633
lstm_t1,62,0.1385320823520604,14.825007000006735
lstm_t1,63,0.1388239207000735,15.08540169999469
lstm_t1,64,0.1379797499624342,15.307489000028
lstm_t1,65,0.1359719072400834,15.553269100026228
lstm_t1,66,0.1345395594328783,15.782107800012454
lstm_t1,67,0.1366068255187934,16.03663610003423
lstm_t1,68,0.1346651002876131,16.271585499984212
lstm_t1,69,0.1360612048290766,16.550136200035922
lstm_t1,70,0.133520934657326,16.815962300053798
lstm_t1,71,0.1322356019850331,17.055720500065945
lstm_t1,72,0.1329667471313784,17.263072600006126
lstm_t1,73,0.1333410765831361,17.492494600010104
lstm_t1,74,0.1307998812174327,17.774449300020933
lstm_t1,75,0.1255598278585783,18.019922900013626
lstm_t1,76,0.1278720711725735,18.2567692999728
lstm_t1,77,0.13027790809249,18.496851600008085
lstm_t1,78,0.125846328032738,18.745301299961284
lstm_t1,79,0.13057399996481,18.9881752000656
lstm_t1,80,0.1253632159155295,19.217677399981767
lstm_t1,81,0.1258644981602274,19.46183170005679
lstm_t1,82,0.1246993357960177,19.68318769999314
lstm_t1,83,0.1252454479106586,19.959569600061517
lstm_t1,84,0.1242300488325728,20.208723800024018
lstm_t1,85,0.1204902957200517,20.463172300020236
lstm_t1,86,0.1265812507855252,20.71002140000928
lstm_t1,87,0.1253478995933976,20.981790199992247
lstm_t1,88,0.1204088864218694,21.240328400046565
lstm_t1,89,0.1204589221152944,21.47687270003371
lstm_t1,90,0.1172474469713497,21.758691200055186
lstm_t1,91,0.1199967678152607,22.009659499977715
lstm_t1,92,0.1185294400411832,22.268787599983625
lstm_t1,93,0.1168283754244274,22.556656999979168
lstm_t1,94,0.1153093184870595,22.786095299990848
lstm_t1,95,0.1171476325864779,23.045961000025272
lstm_t1,96,0.1185551080282937,23.287741500069387
lstm_t1,97,0.1124964765343311,23.51310750003904
lstm_t1,98,0.115877031459442,23.750125900027346
lstm_t1,99,0.1131775239033005,24.027731999987736
lstm_t1,100,0.1123711380937892,24.251482799998485
lstm_t1,101,0.1201470007551397,24.47249459999148
lstm_t1,102,0.1146244486277248,24.69612450001296
lstm_t1,103,0.1161313236359934,24.963119099964388
lstm_t1,104,0.1180365507565008,25.160250999964774
lstm_t1,105,0.1133834283512761,25.421387400012463
lstm_t1,106,0.115419627289477,25.688579800073057
lstm_t1,107,0.1154982458361957,25.90838859998621
lstm_t1,108,0.1111048890858949,26.149113500025123
lstm_t1,109,0.1125867719515742,26.39019780000672
lstm_t1,110,0.1084928845164931,26.65142770006787
lstm_t1,111,0.1147074663845719,26.890045000007376
lstm_t1,112,0.1132318811310059,27.14055220002774
lstm_t1,113,0.1067736362373642,27.36708700004965
lstm_t1,114,0.1140605832527965,27.57783099997323
lstm_t1,115,0.1177976115357908,27.826433600042947
lstm_t1,116,0.1110610906503218,28.08940299996175
lstm_t1,117,0.1076688524778808,28.31463130004704
lstm_t1,118,0.1093533440340464,28.546960000065155
lstm_t1,119,0.1113249876521867,28.830060900072567
lstm_t1,120,0.1051394568438395,29.06449869996868
lstm_t1,121,0.1084190442813731,29.289885999984108
lstm_t1,122,0.1086484497130666,29.524095200002197
lstm_t1,123,0.1057948406904753,29.789831700036306
lstm_t1,124,0.1071061345309849,30.01275670004543
lstm_t1,125,0.1059862139940586,30.231044000014663
lstm_t1,126,0.1075860586886013,30.496645500068556
lstm_t1,127,0.1106355374439649,30.731676600058563
lstm_t1,128,0.1055986494013316,30.978831400047056
lstm_t1,129,0.1074588773284616,31.22319220006466
lstm_t1,130,0.1046031885644272,31.439576799981296
lstm_t1,131,0.1000018478159107,31.692971999989823
lstm_t1,132,0.1081470678263501,31.92035719996784
lstm_t1,133,0.1050720061476258,32.12864430004265
lstm_t1,134,0.102950329595403,32.33236700005364
lstm_t1,135,0.1030419149963447,32.56575780001003
lstm_t1,136,0.104849722304772,32.7903731999686
lstm_t1,137,0.1025219123752282,33.00042090006173
lstm_t1,138,0.1014944241008006,33.22039300005417
lstm_t1,139,0.1054468921086238,33.4591131999623
lstm_t1,140,0.1057983793794379,33.7053396999836
lstm_t1,141,0.1068133766212729,33.91336989996489
lstm_t1,142,0.1044865999849453,34.16387960000429
lstm_t1,143,0.1053448374060892,34.43048760003876
lstm_t1,144,0.0993930604182219,34.647675300017
lstm_t1,145,0.1013595096559284,34.906000299961306
lstm_t1,146,0.1003175447033344,35.1929286000086
lstm_t1,147,0.1011593609562056,35.42769739998039
lstm_t1,148,0.1008422047299928,35.66084659995977
lstm_t1,149,0.0993443982362909,35.90918880002573
lstm_t1,150,0.1017252654432338,36.15557469998021
lstm_t1,151,0.09971814239328,36.385060300002806
lstm_t1,152,0.1040740177354425,36.67000270006247
lstm_t1,153,0.1028152791913636,36.90224840003066
lstm_t1,154,0.0947297648238657,37.13047780003399
lstm_t1,155,0.0976087941283538,37.39425260003191
lstm_t1,156,0.0983978713515014,37.66420220001601
lstm_t1,157,0.1010502352525513,37.90427020005882
lstm_t1,158,0.1012391028286323,38.14360000006855
lstm_t1,159,0.0996398698249838,38.39908969996032
lstm_t1,160,0.1010367662768069,38.63885660003871
lstm_t1,161,0.0976629829088657,38.91353310004342
lstm_t1,162,0.0938844911495817,39.19638300000224
lstm_t1,163,0.0942843386752722,39.43295080005191
lstm_t1,164,0.0953587928595671,39.67584719997831
lstm_t1,165,0.0953342749209812,39.96212010004092
lstm_t1,166,0.1024354201450913,40.223992399987765
lstm_t1,167,0.0961604002865701,40.45903410005849
lstm_t1,168,0.0926225507982647,40.73385740001686
lstm_t1,169,0.0983280216367126,40.94655390002299
lstm_t1,170,0.0941828964930217,41.184613100020215
lstm_t1,171,0.0950287037828518,41.4466531999642
lstm_t1,172,0.1012178389577133,41.72190370003227
lstm_t1,173,0.0949940968818967,41.95302090002224
lstm_t1,174,0.0970051273815004,42.22674199996982
lstm_t1,175,0.0931512620186092,42.48244739999063
lstm_t1,176,0.091427630602422,42.72155230003409
lstm_t1,177,0.0910411819848558,42.97675839997828
lstm_t1,178,0.0950600184793986,43.24341580003966
lstm_t1,179,0.0930689212053831,43.442154800053686
lstm_t1,180,0.0953845747630665,43.712560900021344
lstm_t1,181,0.0984425259884484,43.95773470005952
lstm_t1,182,0.0909334419992892,44.1859787000576
lstm_t1,183,0.0925350882452333,44.41508609999437
lstm_t1,184,0.0917403906999114,44.66117930004839
lstm_t1,185,0.0938387554921437,44.916023100027815
lstm_t1,186,0.0919736134537947,45.163395400042646
lstm_t1,187,0.0936757228226431,45.40126139996573
lstm_t1,188,0.0932889636694615,45.62255610001739
lstm_t1,189,0.0913791110160438,45.86420399998315
lstm_t1,190,0.0937984012748557,46.13990020006895
lstm_t1,191,0.0938421634110076,46.39704349997919
lstm_t1,192,0.0919240282621819,46.60324069997296
lstm_t1,193,0.0955314011820152,46.857009100029245
lstm_t1,194,0.0917428834878229,47.10790659999475
lstm_t1,195,0.088329199511611,47.3254265000578
lstm_t1,196,0.0894858817779474,47.55446010001469
lstm_t1,197,0.0906740601125783,47.79704340000171
lstm_t1,198,0.089695922691023,48.05865829996765
lstm_t1,199,0.0937041868927383,48.31116959999781
lstm_t1,200,0.0949527330223007,48.56600610003807
lstm_t50,1,0.4180522032694943,1.387762700091116
lstm_t50,2,0.3661832509601627,2.835752799990587
lstm_t50,3,0.3282929675198995,4.282418800052255
lstm_t50,4,0.3019562902538084,5.716989200096577
lstm_t50,5,0.2839696978444878,7.156721800100058
lstm_t50,6,0.2774522407201988,8.576950900023803
lstm_t50,7,0.2451278407058288,10.051532600075006
lstm_t50,8,0.2094825831989623,11.540892300079577
lstm_t50,9,0.2079261394988753,12.9956053000642
lstm_t50,10,0.244187308889437,14.435020700097084
lstm_t50,11,0.2339298938667587,15.79715630004648
lstm_t50,12,0.2152995603484494,17.176165100070648
lstm_t50,13,0.2210821437033401,18.47284240007866
lstm_t50,14,0.2052339959274255,19.798981000087224
lstm_t50,15,0.1948408426110393,21.12584850005805
lstm_t50,16,0.1786809219826167,22.55099910008721
lstm_t50,17,0.1689353696166212,23.94878090010025
lstm_t50,18,0.176411037376995,25.284058900084347
lstm_t50,19,0.1517038799513367,26.602830299991183
lstm_t50,20,0.1729929985074588,27.94702810002491
lstm_t50,21,0.1617156757949709,29.30678220000118
lstm_t50,22,0.1678538745070379,30.64455570001155
lstm_t50,23,0.1443807005092126,31.893191800103523
lstm_t50,24,0.1372765803432318,33.26345240010414
lstm_t50,25,0.143272531085238,34.595639800070785
lstm_t50,26,0.1516752511916275,35.92090180004016
lstm_t50,27,0.1562332111321526,37.24938500009012
lstm_t50,28,0.1517146957682396,38.65357090008911
lstm_t50,29,0.1303168423727083,39.938060000073165
lstm_t50,30,0.12810044971698,41.26019370008726
lstm_t50,31,0.1231307728579464,42.580710700014606
lstm_t50,32,0.1127711537159234,43.94216269999743
lstm_t50,33,0.112211094481616,45.28139740007464
lstm_t50,34,0.1117396569924136,46.58659270009957
lstm_t50,35,0.1011917259288352,47.86041590000968
lstm_t50,36,0.101897013770957,49.22176740004216
lstm_t50,37,0.094455038770314,50.56850400008261
lstm_t50,38,0.0929158417587779,51.9481558999978
lstm_t50,39,0.1000032793302506,53.27812040003482
lstm_t50,40,0.0884463660555741,54.660339800058864
lstm_t50,41,0.083796120467162,55.98345570010133
lstm_t50,42,0.0854076903780642,57.298950600088574
lstm_t50,43,0.0903161894770644,58.67448250006419
lstm_t50,44,0.0758398282566417,60.03370620007627
lstm_t50,45,0.0964425534983675,61.280936900060624
lstm_t50,46,0.0824321974948919,62.59157040005084
lstm_t50,47,0.0697702016747277,63.98340570006985
lstm_t50,48,0.0843513832610533,65.3186885000905
lstm_t50,49,0.0715813001163207,66.6480660000816
lstm_t50,50,0.0984328044686063,68.06504830007907
lstm_t50,51,0.0909685619443878,69.42063509998843
lstm_t50,52,0.0864927043605223,70.76688720006496
lstm_t50,53,0.0873224785643864,72.15760080004111
lstm_t50,54,0.0703266006207472,73.53214310004842
lstm_t50,55,0.0821685370242693,74.85720900003798
lstm_t50,56,0.072551775128561,76.24702340003569
lstm_t50,57,0.0643638885908593,77.59819849999622
lstm_t50,58,0.0749623674790442,78.8914157000836
lstm_t50,59,0.094879462391918,80.25686710001901
lstm_t50,60,0.0674870604969545,81.59041160007473
lstm_t50,61,0.0609506661006528,82.868645700044
lstm_t50,62,0.0594914797877096,84.19912360003218
lstm_t50,63,0.0589227354854223,85.55768090009224
lstm_t50,64,0.0523450015616722,86.94016430003103
lstm_t50,65,0.0618012477127793,88.2552612000145
lstm_t50,66,0.0710299040965183,89.56295580009464
lstm_t50,67,0.0654621136106961,90.84562730009202
lstm_t50,68,0.0477424843672392,92.10786940006074
lstm_t50,69,0.0523060804516593,93.50962580007037
lstm_t50,70,0.0443365088151799,94.81073090003338
lstm_t50,71,0.0522620618075226,96.18194540007973
lstm_t50,72,0.0490811355241063,97.48478800000156
lstm_t50,73,0.0712393464028004,98.8088538000593
lstm_t50,74,0.0548100141677967,100.11968380003236
lstm_t50,75,0.0513495136879227,101.52747349999844
lstm_t50,76,0.0424544018032288,102.89749720005784
lstm_t50,77,0.0478222598622468,104.23759160004556
lstm_t50,78,0.0550725838955476,105.58338319999166
lstm_t50,79,0.0539630130275243,106.96131200005766
lstm_t50,80,0.0593953565477547,108.31636390008498
lstm_t50,81,0.0636182367183739,109.6267413001042
lstm_t50,82,0.0471050204414137,110.91908680007327
lstm_t50,83,0.0464254532352515,112.21920060005505
lstm_t50,84,0.0723196680557532,113.55328059999738
lstm_t50,85,0.0555985539880619,114.90024280000944
lstm_t50,86,0.0492215930914125,116.17877460003363
lstm_t50,87,0.0480294371122541,117.49746680003592
lstm_t50,88,0.0602184173709286,118.8325958000496
lstm_t50,89,0.0457679905455729,120.13092220004182
lstm_t50,90,0.0365924249250596,121.4992487001
lstm_t50,91,0.0369321579252256,122.82290770008694
lstm_t50,92,0.0487338883861175,124.17181590001564
lstm_t50,93,0.0747930764991164,125.52499280008487
lstm_t50,94,0.1039789715296836,126.9041269000154
lstm_t50,95,0.0779035731176336,128.19683220004663
lstm_t50,96,0.0790663757389962,129.5421856000321
lstm_t50,97,0.0540569379405301,130.89311750000343
lstm_t50,98,0.0488938822108368,132.19982280000113
lstm_t50,99,0.0600727732607652,133.63487890001852
lstm_t50,100,0.0441871112235331,135.00084860005882
lstm_t50,101,0.0457670169602003,136.3623380000936
lstm_t50,102,0.0311532088713359,137.6742245000787
lstm_t50,103,0.0674296685945265,139.0310746000614
lstm_t50,104,0.0552639158304595,140.34336669999175
lstm_t50,105,0.0483771650320682,141.59004500007725
lstm_t50,106,0.0381628230608554,142.95533280004747
lstm_t50,107,0.0402098813544981,144.34139700001106
lstm_t50,108,0.035716406426935,145.677659100038
lstm_t50,109,0.0281734810239888,147.0410674000159
lstm_t50,110,0.0335663685851801,148.38955610000994
lstm_t50,111,0.0353059792922167,149.6939612000715
lstm_t50,112,0.0460451686763369,150.97980309999548
lstm_t50,113,0.0431636569785355,152.29262820002623
lstm_t50,114,0.0300043643528834,153.6308401999995
lstm_t50,115,0.032368263982035,154.9793777000159
lstm_t50,116,0.0317380706011048,156.20391110004857
lstm_t50,117,0.0276944309843097,157.516991600045
lstm_t50,118,0.0312881944978462,158.9492488000542
lstm_t50,119,0.0299963307013592,160.22659600002223
lstm_t50,120,0.0282967588690158,161.5515440000454
lstm_t50,121,0.073001108310764,162.8472307000775
lstm_t50,122,0.0374838909899396,164.2170559000224
lstm_t50,123,0.0352274428729067,165.65465800010134
lstm_t50,124,0.0333457634511484,167.05173579999246
lstm_t50,125,0.0293453478209742,168.37929290009197
lstm_t50,126,0.0441092654787583,169.75845850002952
lstm_t50,127,0.0319384497281399,171.16793180000968
lstm_t50,128,0.0318572512285069,172.53217280004174
lstm_t50,129,0.0314941673987829,173.90461339999456
lstm_t50,130,0.0286510700224135,175.29495310003404
lstm_t50,131,0.0263233129091796,176.6451812000014
lstm_t50,132,0.0264127529332291,177.91927670000587
lstm_t50,133,0.0268617417445858,179.21814680006355
lstm_t50,134,0.0272078580546865,180.5708803000161
lstm_t50,135,0.0265414953456925,181.8365335999988
lstm_t50,136,0.0338354540585504,183.1181418000488
lstm_t50,137,0.0266606585389505,184.51451210002412
lstm_t50,138,0.0311622525163135,185.9147334001027
lstm_t50,139,0.0785750350272276,187.3152844000142
lstm_t50,140,0.059366087219662,188.6629144999897
lstm_t50,141,0.0303873424472877,190.04670310008805
lstm_t50,142,0.0426374308107753,191.37698490009643
lstm_t50,143,0.0259148288796131,192.6603627000004
lstm_t50,144,0.0297978154671195,194.0112404000247
lstm_t50,145,0.0317298143354695,195.295709200087
lstm_t50,146,0.0333291641533068,196.59672090003733
lstm_t50,147,0.0238547327883609,197.87457240000367
lstm_t50,148,0.0253936206489987,199.1530295000412
lstm_t50,149,0.0214344505085717,200.4835290000774
lstm_t50,150,0.0303573619468577,201.7157894000411
lstm_t50,151,0.0205097185349094,202.9884525000816
lstm_t50,152,0.021164466990651,204.2843907000497
lstm_t50,153,0.0311650226420845,205.52743050002027
lstm_t50,154,0.0227176637279868,206.88708310003855
lstm_t50,155,0.0564439109215395,208.17594000010288
lstm_t50,156,0.0328760722647012,209.4970526000252
lstm_t50,157,0.0261863350878038,210.80415310000532
lstm_t50,158,0.0233128097506314,212.044627700001
lstm_t50,159,0.0216037739028857,213.4283556001028
lstm_t50,160,0.020774572648998,214.74137990002052
lstm_t50,161,0.0332326732534661,216.0514625000069
lstm_t50,162,0.0549195732457283,217.3945944000734
lstm_t50,163,0.0437422483883428,218.71730960009157
lstm_t50,164,0.0212103178490628,219.9978756000055
lstm_t50,165,0.022790241165789,221.26806930010207
lstm_t50,166,0.0328570786655584,222.59423170005903
lstm_t50,167,0.0241689634536925,223.83126680005807
lstm_t50,168,0.0228162607158148,225.26055950007867
lstm_t50,169,0.0215959984149011,226.55686360003887
lstm_t50,170,0.0223702901462599,227.9267238000175
lstm_t50,171,0.0436042344372056,229.30701039999255
lstm_t50,172,0.0373605859842921,230.6853363000555
lstm_t50,173,0.0307274510940558,231.93824560008943
lstm_t50,174,0.0248093923512988,233.29970560001675
lstm_t50,175,0.019637394452999,234.6277681000065
lstm_t50,176,0.0248124266809303,235.94301150005776
lstm_t50,177,0.035536922968308,237.19475980009884
lstm_t50,178,0.0278693847823571,238.50736370007508
lstm_t50,179,0.0220471150476047,239.85549760004503
lstm_t50,180,0.0222250393358832,241.1347160000587
lstm_t50,181,0.0285342330386324,242.46759240003303
lstm_t50,182,0.0194309028144102,243.76250830001663
lstm_t50,183,0.0244045913410615,245.07975740008987
lstm_t50,184,0.0205268137805755,246.3918247000547
lstm_t50,185,0.0173680924380717,247.7480963000562
lstm_t50,186,0.0157711249982221,249.10981420008463
lstm_t50,187,0.0215745144299911,250.41357289999723
lstm_t50,188,0.0176480976113812,251.6962180000264
lstm_t50,189,0.0256275523875649,253.0209638000233
lstm_t50,190,0.0304550873904687,254.4130262000253
lstm_t50,191,0.029129383230188,255.7052608000813
lstm_t50,192,0.0207263867294888,256.9951305000577
lstm_t50,193,0.0304973373994583,258.3126356001012
lstm_t50,194,0.0161512306795859,259.65849490009714
lstm_t50,195,0.0428258153339825,260.9758040000452
lstm_t50,196,0.0213027309457693,262.33247870008927
lstm_t50,197,0.0382550793496846,263.6920062000863
lstm_t50,198,0.0373696047568315,265.0675972000463
lstm_t50,199,0.0173647943114495,266.4198826000793
lstm_t50,200,0.0245565793061591,267.75677800003905
gru_t1,1,0.4580109329713112,0.2067083000438287
gru_t1,2,0.4140534650947187,0.3916011999826878
gru_t1,3,0.402804310633,0.6008692000759766
gru_t1,4,0.3917004109685069,0.8301217000698671
gru_t1,5,0.3851394438565304,1.0041015000315383
gru_t1,6,0.3745144129528795,1.205261400085874
gru_t1,7,0.3693629379664693,1.4151910999789834
gru_t1,8,0.3582015236488902,1.627693700022064
gru_t1,9,0.3494500447745877,1.8157108000013975
gru_t1,10,0.3391999341167616,1.987755800015293
gru_t1,11,0.3307108662105757,2.191668200073764
gru_t1,12,0.3182268017291374,2.42203530005645
gru_t1,13,0.3062216076293338,2.625793099985458
gru_t1,14,0.3050483045612039,2.80609120009467
gru_t1,15,0.2915119388774493,2.9758209000574425
gru_t1,16,0.2832746172056645,3.186430300003849
gru_t1,17,0.274490306524903,3.3841087000910197
gru_t1,18,0.2677846914606788,3.585314300027676
gru_t1,19,0.2623710153076131,3.793514900025912
gru_t1,20,0.2573945055114907,3.98916240001563
gru_t1,21,0.2552306757927103,4.168984099989757
gru_t1,22,0.2473937340085803,4.342551700072363
gru_t1,23,0.2414033715413752,4.533147600013763
gru_t1,24,0.2405527131461027,4.714004900073633
gru_t1,25,0.232573435054921,4.92379869997967
gru_t1,26,0.2301464414288607,5.15505529998336
gru_t1,27,0.2256800742132334,5.377806700067595
gru_t1,28,0.2251882378561492,5.58277390000876
gru_t1,29,0.2226932528602841,5.787516599986702
gru_t1,30,0.2166155922542535,6.001304800040089
gru_t1,31,0.2151383732570263,6.217018800089136
gru_t1,32,0.2093852843904398,6.41853969998192
gru_t1,33,0.2086156139885949,6.626252999994904
gru_t1,34,0.2057237354854918,6.7958414000459015
gru_t1,35,0.2036009144207638,6.988973500090651
gru_t1,36,0.2041622707626594,7.234163500019349
gru_t1,37,0.1966717711907515,7.441637700074352
gru_t1,38,0.200955967162435,7.646885300055146
gru_t1,39,0.1964072061589913,7.8766413000412285
gru_t1,40,0.1929444065007281,8.128196200006641
gru_t1,41,0.1946377301807714,8.369043600047007
gru_t1,42,0.1895651689431118,8.5757318000542
gru_t1,43,0.1912498531760527,8.808349900064059
gru_t1,44,0.1902968303878481,8.966688400018029
gru_t1,45,0.185969884382633,9.16952910006512
gru_t1,46,0.1818954551163212,9.381299500004388
gru_t1,47,0.1817117764542979,9.594347000005657
gru_t1,48,0.1820472564667281,9.80691869999282
gru_t1,49,0.1842317069208922,9.99529310001526
gru_t1,50,0.1771512634388692,10.234903200063854
gru_t1,51,0.1778770429718502,10.45057079999242
gru_t1,52,0.1782876051516657,10.657444400014356
gru_t1,53,0.1763709224988456,10.849678600090556
gru_t1,54,0.1762889103620818,11.058538499986753
gru_t1,55,0.1719778411642456,11.29143500002101
gru_t1,56,0.1695369076335778,11.482324399985371
gru_t1,57,0.171203327839428,11.716077800025232
gru_t1,58,0.1682854446422316,11.914671200094745
gru_t1,59,0.1666472666598679,12.09763600002043
gru_t1,60,0.1679289963053327,12.279854700085709
gru_t1,61,0.1626420476803724,12.475037300027909
gru_t1,62,0.1635487990353806,12.674283100059256
gru_t1,63,0.1669070268167596,12.880195200094022
gru_t1,64,0.1611992762525984,13.052119400002994
gru_t1,65,0.1624449888291122,13.241382600041106
gru_t1,66,0.1576182247828983,13.435596800060011
gru_t1,67,0.1603381765675861,13.614681200007908
gru_t1,68,0.1577380509562106,13.797666100086644
gru_t1,69,0.1575022321029798,13.979117700015196
gru_t1,70,0.1560076734571534,14.17108240001835
gru_t1,71,0.1554977205144475,14.390528900083154
gru_t1,72,0.1606520788958087,14.596310200053267
gru_t1,73,0.1565224391254416,14.774757600040177
gru_t1,74,0.1534705047478569,14.968608900089748
gru_t1,75,0.1476851109336785,15.16780579998158
gru_t1,76,0.1511784808053037,15.353025900083594
gru_t1,77,0.1511018982728187,15.549878100049682
gru_t1,78,0.1469240473858115,15.748786800075322
gru_t1,79,0.1521154626986147,15.948686700081453
gru_t1,80,0.1460215594951268,16.161864300025627
gru_t1,81,0.1485698786035514,16.34348610008601
gru_t1,82,0.1442391190508204,16.535262300050817
gru_t1,83,0.143659514385794,16.715405100025237
gru_t1,84,0.1440505925971156,16.902245500008576
gru_t1,85,0.1407044301940258,17.081673500011675
gru_t1,86,0.1435850221109098,17.297146600089036
gru_t1,87,0.1447535371806733,17.480634800042026
gru_t1,88,0.1372048553259173,17.701821500086226
gru_t1,89,0.138559294442876,17.932390100089833
gru_t1,90,0.1356967619533526,18.15665020002052
gru_t1,91,0.1367708883500885,18.38523840007838
gru_t1,92,0.1390643520071788,18.56266240007244
gru_t1,93,0.1378175928368202,18.737241700058803
gru_t1,94,0.1347653704722627,18.93409029999748
gru_t1,95,0.1368204970583876,19.09842240007129
gru_t1,96,0.135730346346959,19.306743700057268
gru_t1,97,0.1305570097894672,19.483868699986488
gru_t1,98,0.1333821489242045,19.68811710004229
gru_t1,99,0.1303811796075385,19.889769900008105
gru_t1,100,0.1294366272785564,20.12357679998968
gru_t1,101,0.1381249276175335,20.335292699979615
gru_t1,102,0.1308791805717164,20.565964300069027
gru_t1,103,0.134199619210907,20.769759300048463
gru_t1,104,0.133571084920522,20.946979000000283
gru_t1,105,0.1308391102818223,21.140756100066938
gru_t1,106,0.1301094063188574,21.341088799992576
gru_t1,107,0.1312041794824243,21.57140580005944
gru_t1,108,0.1291884200952638,21.755799500038847
gru_t1,109,0.1253150273127105,21.9152541999938
gru_t1,110,0.1268672944482778,22.13132550008595
gru_t1,111,0.1291690838582089,22.345815900014717
gru_t1,112,0.1319865645026569,22.54025239998009
gru_t1,113,0.1235075684012319,22.704491700045764
gru_t1,114,0.1274677325397183,22.909683100064285
gru_t1,115,0.132182528095777,23.085062500089407
gru_t1,116,0.1271177391305738,23.25438250007573
gru_t1,117,0.1230040865486207,23.43317560001742
gru_t1,118,0.1264562026922351,23.62268869997933
gru_t1,119,0.1263778678500514,23.81428070005495
gru_t1,120,0.1196411062135816,24.00721250008792
gru_t1,121,0.1234895252780311,24.19240010005888
gru_t1,122,0.1236906555689552,24.38728600007016
gru_t1,123,0.1204572123615292,24.61768150003627
gru_t1,124,0.1209682418320918,24.84486040007323
gru_t1,125,0.1199052601313202,25.029917599982586
gru_t1,126,0.1248405981026361,25.2462353000883
gru_t1,127,0.1279901947084128,25.466946400003508
gru_t1,128,0.1201611731041863,25.66648710006848
gru_t1,129,0.1223781649947652,25.87173090002034
gru_t1,130,0.121359160128173,26.092976900050417
gru_t1,131,0.114414178822658,26.27788210008293
gru_t1,132,0.1211057520015032,26.48535020009149
gru_t1,133,0.1203937471966448,26.660806500003677
gru_t1,134,0.1169100752002847,26.83265710005071
gru_t1,135,0.1181564299702482,26.9881034999853
gru_t1,136,0.1191204452873248,27.174217500025406
gru_t1,137,0.1184323976129131,27.37768400006462
gru_t1,138,0.1172246966817442,27.58592640003189
gru_t1,139,0.1173456075856427,27.7559031000128
gru_t1,140,0.1188132022156105,27.95332910004072
gru_t1,141,0.1225172868245398,28.14431280002464
gru_t1,142,0.1200705420081506,28.334209399996325
gru_t1,143,0.121757159783251,28.490645800018683
gru_t1,144,0.1145733752529143,28.68701460002921
gru_t1,145,0.1138989353396712,28.90427450009156
gru_t1,146,0.1127445438761519,29.10872650006786
gru_t1,147,0.1163260087441782,29.26788490009494
gru_t1,148,0.1151224245462265,29.4249981000321
gru_t1,149,0.110095400218855,29.62305340007879
gru_t1,150,0.1151930197014807,29.80898710002657
gru_t1,151,0.1137229292998552,30.030927199986763
gru_t1,152,0.1153928338620307,30.264860399998724
gru_t1,153,0.1166750512292885,30.448320600087754
gru_t1,154,0.1101925226598268,30.614284200011756
gru_t1,155,0.1115260771295292,30.799106399994344
gru_t1,156,0.1174714479324446,31.015726400073618
gru_t1,157,0.1108207963457689,31.22156980005093
gru_t1,158,0.1150784395852922,31.413987000007182
gru_t1,159,0.1120676256495925,31.63738690002356
gru_t1,160,0.1124202190492527,31.798884200048636
gru_t1,161,0.1107525963293177,31.99253190006129
gru_t1,162,0.1080123621902038,32.1757818000624
gru_t1,163,0.1099809818906819,32.39973770000506
gru_t1,164,0.1081810220772113,32.55237460008357
gru_t1,165,0.1095522010482386,32.76263300003484
gru_t1,166,0.1132961061955977,32.926247800001875
gru_t1,167,0.1102784439202152,33.123994200024754
gru_t1,168,0.1043681615544451,33.3444747000467
gru_t1,169,0.1090434641253778,33.55071730003692
gru_t1,170,0.1088347351982591,33.73583210003562
gru_t1,171,0.1059474645626942,33.93460070004221
gru_t1,172,0.113391891722064,34.144766699988395
gru_t1,173,0.1069320368768557,34.32749539997894
gru_t1,174,0.1096723654404292,34.48537150002085
gru_t1,175,0.1050726260095936,34.669516000081785
gru_t1,176,0.1034588325695267,34.90732720005326
gru_t1,177,0.1024289047161913,35.08650049997959
gru_t1,178,0.1088027807546464,35.27218179998454
gru_t1,179,0.1076913592738006,35.45201100001577
gru_t1,180,0.1058379247212272,35.68348040001001
gru_t1,181,0.1111082690384905,35.8832693999866
gru_t1,182,0.1047518180593351,36.07910460000858
gru_t1,183,0.1059300019465928,36.25989260000642
gru_t1,184,0.1041061586765591,36.488103199983016
gru_t1,185,0.1078367330498593,36.71524490008596
gru_t1,186,0.1032229949176352,36.89379820006434
gru_t1,187,0.1044735630871607,37.079394400003366
gru_t1,188,0.1050082715462455,37.30564130004496
gru_t1,189,0.106803857808126,37.52915580000263
gru_t1,190,0.1057892233642346,37.69682100007776
gru_t1,191,0.1029592302585442,37.884450100013055
gru_t1,192,0.1036284789012493,38.06628790008836
gru_t1,193,0.1074422673657182,38.24255760002416
gru_t1,194,0.1025307212920161,38.43113360006828
gru_t1,195,0.0999728390816561,38.608543000067584
gru_t1,196,0.100134615280509,38.8469383000629
gru_t1,197,0.1034511400147371,39.026242200052366
gru_t1,198,0.1010477154342841,39.23682350001764
gru_t1,199,0.1053829388344757,39.44091360003222
gru_t1,200,0.1041309827600588,39.64671960007399
gru_t50,1,0.436427352442213,3.111058000009507
gru_t50,2,0.3794484180426776,6.260113199939951
gru_t50,3,0.3479227756538171,9.360020800027996
gru_t50,4,0.2992589062549564,12.539098100038244
gru_t50,5,0.2635643285079362,15.586743399966508
gru_t50,6,0.2426907391288019,18.42824209993705
gru_t50,7,0.1944538504999564,21.241696699988097
gru_t50,8,0.1703124375245265,24.16918029997032
gru_t50,9,0.1467645110057212,26.95831030001864
gru_t50,10,0.1360570666114948,29.79024949995801
gru_t50,11,0.1251810796148594,32.45752039994113
gru_t50,12,0.1203367602584071,35.2458062999649
gru_t50,13,0.1133455206810374,38.16831840004306
gru_t50,14,0.1041845848928202,40.95143629994709
gru_t50,15,0.0914502670630093,43.79449789994396
gru_t50,16,0.0985172629333591,46.62566959997639
gru_t50,17,0.0894227142475499,49.396837200038135
gru_t50,18,0.095774370269061,52.29460869997274
gru_t50,19,0.0789806676647397,55.18717639998067
gru_t50,20,0.0859812654689065,58.02454929996748
gru_t50,21,0.0818335684643137,60.80275189992972
gru_t50,22,0.0901800313803673,63.55547200003639
gru_t50,23,0.0731206957027974,66.42998010001611
gru_t50,24,0.0748397471012204,69.32849450001959
gru_t50,25,0.0730072998921029,72.26616929995362
gru_t50,26,0.0657076995160093,75.12358909996692
gru_t50,27,0.0737699653160645,77.99935960001312
gru_t50,28,0.076024137455071,80.87160960002802
gru_t50,29,0.0654387822853341,83.70926140004303
gru_t50,30,0.0670342945717249,86.62392699997872
gru_t50,31,0.0636259171618547,89.46276609995402
gru_t50,32,0.0593679243566393,92.15579650003929
gru_t50,33,0.0543538444874305,95.01034899998922
gru_t50,34,0.0543876935627861,97.8674338000128
gru_t50,35,0.0549483379991098,100.77674949995708
gru_t50,36,0.0630947846075979,103.67381429998204
gru_t50,37,0.0489635427155102,106.53433729999232
gru_t50,38,0.055242629443187,109.39997289993336
gru_t50,39,0.0553894944009095,112.16488639998715
gru_t50,40,0.0566469254250746,115.01580569997896
gru_t50,41,0.0488000675201109,117.79730640002526
gru_t50,42,0.0551743806772855,120.60927889996674
gru_t50,43,0.0466317162310222,123.33150480000768
gru_t50,44,0.0449046992752536,126.26168669993058
gru_t50,45,0.0417835142927682,129.1009329999797
gru_t50,46,0.0515942270010437,131.9764333999483
gru_t50,47,0.0403514981584339,134.95045869995374
gru_t50,48,0.0505888036633939,137.81023740000091
gru_t50,49,0.0508213308571763,140.66641760000493
gru_t50,50,0.0502558879520716,143.48301560000982
gru_t50,51,0.0378696995058915,146.4114604999777
gru_t50,52,0.0417942977209659,149.30922339996323
gru_t50,53,0.0522939097674412,151.9090968000237
gru_t50,54,0.0464601273345175,154.7657326000044
gru_t50,55,0.0431791469875791,157.49010479997378
gru_t50,56,0.0525754693506841,160.33061659999655
gru_t50,57,0.049055006172708,163.10889130004216
gru_t50,58,0.0446491106745693,166.06978349993005
gru_t50,59,0.040224849641827,168.9646812999854
gru_t50,60,0.0464381879774244,171.9444550999906
gru_t50,61,0.0543053153817453,174.75581879995298
gru_t50,62,0.0344722930706479,177.4675428000046
gru_t50,63,0.0402559617253806,180.2552787000313
gru_t50,64,0.0332917338954177,182.9288295999868
gru_t50,65,0.0347536983473997,185.8725439000409
gru_t50,66,0.0349389869079657,188.814213900012
gru_t50,67,0.0338152474027322,191.6275415000273
gru_t50,68,0.0374748868185407,194.4410355000291
gru_t50,69,0.0369565663615496,197.2483013999881
gru_t50,70,0.039196750010477,199.96864410000853
gru_t50,71,0.0352346833564536,202.65294900001027
gru_t50,72,0.0289111608051505,205.36174009996463
gru_t50,73,0.0362382846910387,208.1770662999479
gru_t50,74,0.0284851811194531,210.97715819999576
gru_t50,75,0.0473896340665836,213.78509819996543
gru_t50,76,0.0358612050243288,216.65908340003807
gru_t50,77,0.0329802814612442,219.44851200003177
gru_t50,78,0.0347870881832252,222.22653760004323
gru_t50,79,0.0328476990512645,225.13102510001045
gru_t50,80,0.0277540076071613,227.94044389994812
gru_t50,81,0.0320623923010932,230.8572511000093
gru_t50,82,0.0310502723938855,233.64357429998927
gru_t50,83,0.0330864237497176,236.5482171999756
gru_t50,84,0.0395611577379542,239.32631449995097
gru_t50,85,0.0268677653132904,241.9499154000077
gru_t50,86,0.0255288546821032,244.79099020001013
gru_t50,87,0.028282208120394,247.661942500039
gru_t50,88,0.0316081675561556,250.56604579999112
gru_t50,89,0.0397706944296006,253.33781289996116
gru_t50,90,0.0294119881238581,256.26549629995134
gru_t50,91,0.0284255815805698,259.05862589995377
gru_t50,92,0.0297217036802087,261.9344365999568
gru_t50,93,0.0269987317403253,264.8952655999456
gru_t50,94,0.0386413037436643,267.72550079994835
gru_t50,95,0.0334910484887773,270.2689134000102
gru_t50,96,0.0268824785329872,272.6350710999686
gru_t50,97,0.0421690533903473,275.1316047
gru_t50,98,0.0381015903021403,277.56264729995746
gru_t50,99,0.0302853352407798,280.07207889994606
gru_t50,100,0.02475084796615,282.57227470004
gru_t50,101,0.0201467727552729,285.0950195000041
gru_t50,102,0.0261512374050977,287.55079629994
gru_t50,103,0.0324679116487698,290.15113849996123
gru_t50,104,0.0341984745918948,292.60759200004395
gru_t50,105,0.0237521705052098,295.0677464000182
gru_t50,106,0.0262273876586856,297.50778340001125
gru_t50,107,0.0212927083104955,299.9583951999666
gru_t50,108,0.0244116827899072,302.36391710001044
gru_t50,109,0.0200779026776134,304.8770397999324
gru_t50,110,0.0304734569169862,307.42218019999564
gru_t50,111,0.0275297486332493,309.9828078999417
gru_t50,112,0.03296308680686,312.4675206999528
gru_t50,113,0.0314747234379061,314.93824109993875
gru_t50,114,0.0284379381813231,317.451547899982
gru_t50,115,0.0194375392957764,319.8872166000074
gru_t50,116,0.0193796633562468,322.38578979996964
gru_t50,117,0.0192864897027709,325.0690655999352
gru_t50,118,0.0247328061756711,327.63941349997185
gru_t50,119,0.0213880854063489,330.1040940999519
gru_t50,120,0.0169409672308407,332.5423946999945
gru_t50,121,0.0242167195982035,335.01059830002487
gru_t50,122,0.0244162963514287,337.4327127999859
gru_t50,123,0.0343432090837789,339.7681847999338
gru_t50,124,0.0414796950628589,342.20532820001245
gru_t50,125,0.0384829669235113,344.54449659993406
gru_t50,126,0.0242417791212056,346.8869892000221
gru_t50,127,0.0239407557684174,349.225369199994
gru_t50,128,0.0244633295782976,351.55733470001724
gru_t50,129,0.0204776164323055,354.0352638999466
gru_t50,130,0.0222607858573279,356.3865039999364
gru_t50,131,0.0223653934277352,358.4844686000142
gru_t50,132,0.019853880594003,360.69602509995457
gru_t50,133,0.0160127119761269,362.7388910000445
gru_t50,134,0.071396678858272,364.7815191999544
gru_t50,135,0.053741934400129,366.7867440000409
gru_t50,136,0.042662029755115,368.80930069996975
gru_t50,137,0.0278413518899222,370.78305680002086
gru_t50,138,0.0239279302400407,372.7709564999677
gru_t50,139,0.0230296354859251,374.7766954000108
gru_t50,140,0.0249125399533069,376.7446760999737
gru_t50,141,0.029817786907798,378.720345800044
gru_t50,142,0.0165128491136003,380.7348468999844
gru_t50,143,0.0337196471037862,382.6968717999989
gru_t50,144,0.021352885438656,384.70069029997103
gru_t50,145,0.0217494400000335,386.6742148000049
gru_t50,146,0.0248473706114438,388.63836460001767
gru_t50,147,0.0200728679903723,390.8592982999981
gru_t50,148,0.0203629182532532,392.93202289997134
gru_t50,149,0.0198596578748959,394.9615959000075
gru_t50,150,0.0194224674064481,396.9117622999474
gru_t50,151,0.0201531098857582,398.8724829000421
gru_t50,152,0.0164900757302735,400.8727958999807
gru_t50,153,0.0194102759534319,402.8519638000289
gru_t50,154,0.0267668971774452,404.9530484999996
gru_t50,155,0.0134858370318949,406.9695669999346
gru_t50,156,0.0161790391800635,408.9591345000081
gru_t50,157,0.0134338662007736,410.95619930000976
gru_t50,158,0.030169797863124,412.9075757999672
gru_t50,159,0.0159155367899329,414.8731388000306
gru_t50,160,0.0162862953435921,416.8696008999832
gru_t50,161,0.0211161701335526,418.830213499954
gru_t50,162,0.0134327015494069,421.0404327999568
gru_t50,163,0.0163780241390273,423.11901989998296
gru_t50,164,0.0159454419354216,425.1239256999688
gru_t50,165,0.0154701531696232,427.2192772999406
gru_t50,166,0.0407566821576494,429.1673930999823
gru_t50,167,0.0225603480494589,431.1208123000106
gru_t50,168,0.0155412210743126,433.1326680999482
gru_t50,169,0.0128970796787217,435.0996101000346
gru_t50,170,0.0170459437894042,437.10395789996255
gru_t50,171,0.0172357545789332,439.056301399949
gru_t50,172,0.0182018965186489,441.0488216000376
gru_t50,173,0.0146006049928744,443.0525545999408
gru_t50,174,0.0142554394943692,445.0399594999617
gru_t50,175,0.0123807802941249,447.0136208999902
gru_t50,176,0.0156524938005609,449.0056186999427
gru_t50,177,0.0103823444916143,451.2260388999712
gru_t50,178,0.0159969683511606,453.3107916000299
gru_t50,179,0.0171168641233389,455.2754920000443
gru_t50,180,0.0201415088847153,457.2361356000183
gru_t50,181,0.0270419084359521,459.2269580999855
gru_t50,182,0.0127787972234244,461.1962815999286
gru_t50,183,0.022708172089686,463.31493240001146
gru_t50,184,0.0169183559651683,465.3136462999973
gru_t50,185,0.0158208915758746,467.34853970003314
gru_t50,186,0.0149210782515755,469.36369899997953
gru_t50,187,0.0212648774524791,471.3598761999747
gru_t50,188,0.0201542303622982,473.3229941999307
gru_t50,189,0.0133053173413066,475.322578900028
gru_t50,190,0.0156990972344866,477.2763318000361
gru_t50,191,0.017602196775381,479.2827168999938
gru_t50,192,0.0127134106466533,481.5771570999641
gru_t50,193,0.0153288299401109,483.5499269999564
gru_t50,194,0.0114984135363073,485.5586865999503
gru_t50,195,0.0122023476854564,487.54512949998025
gru_t50,196,0.0166084824667123,489.5920348999789
gru_t50,197,0.0126673101259485,491.5633808999555
gru_t50,198,0.0194621956319002,493.7048532000045
gru_t50,199,0.0153984845631593,495.7955973999342
gru_t50,200,0.0134070922362963,497.86986440001056
