run,model,seed,method,temperature,accuracy,precision,recall,f1,pr_auc_ap,roc_auc,nll,brier,ece,threshold,windows,positive_fraction,tn,fp,fn,tp,validation_selected_threshold,f1_at_val_threshold,recall_at_val_threshold,precision_at_val_threshold,parameters,best_epoch,training_seconds,latency_median_ms,latency_p95_ms,latency_repeats,latency_batch_size
gru_seed42,gru,42,raw,1.0,0.7953667953667953,0.625,0.06561679790026247,0.1187648456057007,0.33894042741511293,0.5743797563014121,0.5691837028448609,0.1893642997779149,0.17350242591364368,0.5,1813,0.21014892443463873,1417,15,356,25,0.3810837820199451,0.43312101910828027,0.5354330708661418,0.36363636363636365,4737,1,1.569164999993518,0.48055000000000003,0.6023799999999997,200,1
gru_seed42,gru,42,temperature,0.3193582854950885,0.7953667953667953,0.625,0.06561679790026247,0.1187648456057007,0.33894042741511293,0.5743797563014121,0.5253347658051172,0.16257428024582193,0.1280740393507585,0.5,1813,0.21014892443463873,1417,15,356,25,0.17968015202949836,0.43312101910828027,0.5354330708661418,0.36363636363636365,4737,1,1.569164999993518,0.48055000000000003,0.6023799999999997,200,1
gru_seed43,gru,43,raw,1.0,0.7937120794263651,0.5538461538461539,0.09448818897637795,0.16143497757847533,0.3226928279699469,0.55101064531738,0.5143063414160486,0.16510290953420634,0.11967779662533086,0.5,1813,0.21014892443463873,1403,29,345,36,0.31698386887773217,0.3937677053824363,0.3648293963254593,0.4276923076923077,4737,1,1.556317099952139,0.47875,0.5376949999999999,200,1
gru_seed43,gru,43,temperature,0.5531057691211014,0.7937120794263651,0.5538461538461539,0.09448818897637795,0.16143497757847533,0.3226928279699469,0.55101064531738,0.5320580190327274,0.1636206346732793,0.10195748822884786,0.5,1813,0.21014892443463873,1403,29,345,36,0.19973972624063527,0.3937677053824363,0.3648293963254593,0.4276923076923077,4737,1,1.556317099952139,0.47875,0.5376949999999999,200,1
gru_seed44,gru,44,raw,1.0,0.7898510755653613,0.5,0.09186351706036745,0.15521064301552107,0.33466849531255594,0.5645592310737694,0.5350106012925882,0.1736405383350508,0.1656763952155344,0.5,1813,0.21014892443463873,1397,35,346,35,0.33293441917383787,0.38927738927738925,0.43832020997375326,0.350104821802935,4737,1,1.5336597999557853,0.4834,0.75301,200,1
gru_seed44,gru,44,temperature,0.46479560989622326,0.7898510755653613,0.5,0.09186351706036745,0.15521064301552107,0.33466849531255594,0.5645592310737694,0.5470692033460147,0.16419353597517428,0.10781132433885726,0.5,1813,0.21014892443463873,1397,35,346,35,0.18314881537764635,0.38927738927738925,0.43832020997375326,0.350104821802935,4737,1,1.5336597999557853,0.4834,0.75301,200,1
lstm_seed42,lstm,42,raw,1.0,0.7898510755653613,0.0,0.0,0.0,0.320851831421143,0.5872795055645977,0.5360545400557946,0.17459179777713368,0.15905275921200818,0.5,1813,0.21014892443463873,1432,0,381,0,0.3117213356742929,0.4423617619493908,0.6194225721784777,0.34402332361516036,6305,1,0.7891125999158248,0.0881,0.10505499999999994,200,1
lstm_seed42,lstm,42,temperature,0.44282968147496415,0.7898510755653613,0.0,0.0,0.0,0.320851831421143,0.5872795055645977,0.5212421392670501,0.16478189525634745,0.0884343989264075,0.5,1813,0.21014892443463873,1432,0,381,0,0.14323364825972715,0.4423617619493908,0.6194225721784777,0.34402332361516036,6305,1,0.7891125999158248,0.0881,0.10505499999999994,200,1
lstm_seed43,lstm,43,raw,1.0,0.7898510755653613,0.0,0.0,0.0,0.3459296751896041,0.6108337365650522,0.5247060091023302,0.16975298328863403,0.09904770772210099,0.5,1813,0.21014892443463873,1432,0,381,0,0.3154160854695498,0.301255230125523,0.28346456692913385,0.32142857142857145,6305,1,0.799963099998422,0.0899,0.12511499999999995,200,1
lstm_seed43,lstm,43,temperature,0.4223915864739306,0.7898510755653613,0.0,0.0,0.0,0.3459296751896041,0.6108337365650522,0.5350417333071383,0.16781890534685187,0.09132320804371839,0.5,1813,0.21014892443463873,1432,0,381,0,0.13769148833202843,0.301255230125523,0.28346456692913385,0.32142857142857145,6305,1,0.799963099998422,0.0899,0.12511499999999995,200,1
lstm_seed44,lstm,44,raw,1.0,0.7898510755653613,0.0,0.0,0.0,0.323886726456025,0.6038459141629644,0.5199411448066148,0.16799242421502872,0.09347354826815513,0.5,1813,0.21014892443463873,1432,0,381,0,0.27148989429863535,0.3608174770965469,0.6719160104986877,0.2466281310211946,6305,1,0.7860632999800146,0.12275,0.12919999999999995,200,1
lstm_seed44,lstm,44,temperature,0.44412013929975713,0.7898510755653613,0.0,0.0,0.0,0.323886726456025,0.6038459141629644,0.5118288887028851,0.16205048909366934,0.09221373795953215,0.5,1813,0.21014892443463873,1432,0,381,0,0.09774421261649742,0.3608174770965469,0.6719160104986877,0.2466281310211946,6305,1,0.7860632999800146,0.12275,0.12919999999999995,200,1
