model,seed,method,object_id,accuracy,precision,recall,f1,pr_auc_ap,roc_auc,nll,brier,ece,threshold,windows,positive_fraction,tn,fp,fn,tp
lstm,42,raw,grappe,0.8002936857562408,0.0,0.0,0.0,0.5256858822348137,0.7205207771181869,0.5077933348826376,0.1614972898667072,0.1898692560630921,0.5,681,0.1997063142437591,545,0,136,0
lstm,42,raw,socks,0.7572559366754618,0.0,0.0,0.0,0.2164128808651835,0.482199666717164,0.5867088448297705,0.1989949299748347,0.1281881731957149,0.5,379,0.2427440633245382,287,0,92,0
lstm,42,raw,tissues,0.796812749003984,0.0,0.0,0.0,0.2287233185324318,0.4834858387799564,0.5361181512292116,0.1741516553921026,0.1709006466591224,0.5,753,0.2031872509960159,600,0,153,0
lstm,42,temperature,grappe,0.8002936857562408,0.0,0.0,0.0,0.5256858822348137,0.7205207771181869,0.4553487868924555,0.1423416802942052,0.0989741222074944,0.5,681,0.1997063142437591,545,0,136,0
lstm,42,temperature,socks,0.7572559366754618,0.0,0.0,0.0,0.2164128808651835,0.482199666717164,0.5895258442869432,0.1965129542495118,0.1315540234502109,0.5,379,0.2427440633245382,287,0,92,0
lstm,42,temperature,tissues,0.796812749003984,0.0,0.0,0.0,0.2287233185324318,0.4834858387799564,0.5464663740141409,0.1691055539958024,0.0890807796176663,0.5,753,0.2031872509960159,600,0,153,0
lstm,43,raw,grappe,0.8002936857562408,0.0,0.0,0.0,0.4728872372257982,0.6532245008094981,0.5098819740002727,0.1624277005999564,0.1796598736404449,0.5,681,0.1997063142437591,545,0,136,0
lstm,43,raw,socks,0.7572559366754618,0.0,0.0,0.0,0.20075076378255,0.4300863505529465,0.585067986990534,0.1974405386032441,0.0979065269620347,0.5,379,0.2427440633245382,287,0,92,0
lstm,43,raw,tissues,0.796812749003984,0.0,0.0,0.0,0.3850287524972492,0.7086710239651417,0.5077312126678971,0.162442138729208,0.1139287901853451,0.5,753,0.2031872509960159,600,0,153,0
lstm,43,temperature,grappe,0.8002936857562408,0.0,0.0,0.0,0.4728872372257982,0.6532245008094981,0.4996805232221619,0.1531536995292723,0.1346667077565837,0.5,681,0.1997063142437591,545,0,136,0
lstm,43,temperature,socks,0.7572559366754618,0.0,0.0,0.0,0.20075076378255,0.4300863505529465,0.6730478195860073,0.2129509694146752,0.1918235489835778,0.5,379,0.2427440633245382,287,0,92,0
lstm,43,temperature,tissues,0.796812749003984,0.0,0.0,0.0,0.3850287524972492,0.7086710239651417,0.4975605611533237,0.1583659875248951,0.0869075392785202,0.5,753,0.2031872509960159,600,0,153,0
lstm,44,raw,grappe,0.8002936857562408,0.0,0.0,0.0,0.4093245742880096,0.6564220183486238,0.4942577689070897,0.1559264111041269,0.1684457535203384,0.5,681,0.1997063142437591,545,0,136,0
lstm,44,raw,socks,0.7572559366754618,0.0,0.0,0.0,0.197493263319181,0.4244053931222542,0.5805679808741488,0.1960617972516273,0.0909655184466437,0.5,379,0.2427440633245382,287,0,92,0
lstm,44,raw,tissues,0.796812749003984,0.0,0.0,0.0,0.2785620772865245,0.5941339869281046,0.5126540373935751,0.1647768366289107,0.0918357793227171,0.5,753,0.2031872509960159,600,0,153,0
lstm,44,temperature,grappe,0.8002936857562408,0.0,0.0,0.0,0.4093245742880096,0.6564220183486238,0.4594456497738797,0.1422630890434285,0.1165741288899627,0.5,681,0.1997063142437591,545,0,136,0
lstm,44,temperature,socks,0.7572559366754618,0.0,0.0,0.0,0.197493263319181,0.4244053931222542,0.5993432048956231,0.1960974257922936,0.154025294488441,0.5,379,0.2427440633245382,287,0,92,0
lstm,44,temperature,tissues,0.796812749003984,0.0,0.0,0.0,0.2785620772865245,0.5941339869281046,0.5151556614433965,0.1628093608405953,0.082620017999668,0.5,753,0.2031872509960159,600,0,153,0
gru,42,raw,grappe,0.8164464023494861,0.6410256410256411,0.1838235294117647,0.2857142857142857,0.4419502691358445,0.6640178089584456,0.5665141967324261,0.1873923984417048,0.2506331323073297,0.5,681,0.1997063142437591,531,14,111,25
gru,42,raw,socks,0.7572559366754618,0.0,0.0,0.0,0.2197156007840149,0.4742841993637327,0.598869700349086,0.2039197082786849,0.1289024019078136,0.5,379,0.2427440633245382,287,0,92,0
gru,42,raw,tissues,0.795484727755644,0.0,0.0,0.0,0.3080409277362675,0.5856862745098039,0.5566563995360517,0.1838216237993853,0.1979404617419244,0.5,753,0.2031872509960159,599,1,153,0
gru,42,temperature,grappe,0.8164464023494861,0.6410256410256411,0.1838235294117647,0.2857142857142857,0.4419502691358445,0.6640178089584456,0.5003501093789429,0.1451591917001445,0.1542722846331424,0.5,681,0.1997063142437591,531,14,111,25
gru,42,temperature,socks,0.7572559366754618,0.0,0.0,0.0,0.2197156007840149,0.4742841993637327,0.6108992544741243,0.1991498921252598,0.1228858105434521,0.5,379,0.2427440633245382,287,0,92,0
gru,42,temperature,tissues,0.795484727755644,0.0,0.0,0.0,0.3080409277362675,0.5856862745098039,0.5048641281167653,0.1599149421280255,0.1484790189901551,0.5,753,0.2031872509960159,599,1,153,0
gru,43,raw,grappe,0.8193832599118943,0.7241379310344828,0.1544117647058823,0.2545454545454545,0.466829191350217,0.6751753912574204,0.4925536659062318,0.1540247985307023,0.2098433299754401,0.5,681,0.1997063142437591,537,8,115,21
gru,43,raw,socks,0.7572559366754618,0.0,0.0,0.0,0.1892823303447696,0.3951295258294198,0.5974434404611998,0.2007136664185855,0.1406819354706187,0.5,379,0.2427440633245382,287,0,92,0
gru,43,raw,tissues,0.7888446215139442,0.4166666666666667,0.0980392156862745,0.1587301587301587,0.3266744255540608,0.5993137254901961,0.4921345107176064,0.1571981508810941,0.0854795562438767,0.5,753,0.2031872509960159,579,21,138,15
gru,43,temperature,grappe,0.8193832599118943,0.7241379310344828,0.1544117647058823,0.2545454545454545,0.466829191350217,0.6751753912574204,0.471437870203051,0.1408883088995663,0.1495621633981537,0.5,681,0.1997063142437591,537,8,115,21
gru,43,temperature,socks,0.7572559366754618,0.0,0.0,0.0,0.1892823303447696,0.3951295258294198,0.7091216539577162,0.2181278368639482,0.1948160999926214,0.5,379,0.2427440633245382,287,0,92,0
gru,43,temperature,tissues,0.7888446215139442,0.4166666666666667,0.0980392156862745,0.1587301587301587,0.3266744255540608,0.5993137254901961,0.4977621408341072,0.1567447837059951,0.0989587352337895,0.5,753,0.2031872509960159,579,21,138,15
gru,44,raw,grappe,0.8237885462555066,0.6818181818181818,0.2205882352941176,0.3333333333333333,0.4788229363444031,0.6693874797625471,0.5226580548548214,0.165594822125647,0.2244458376594623,0.5,681,0.1997063142437591,531,14,106,30
gru,44,raw,socks,0.7572559366754618,0.0,0.0,0.0,0.2004103327842449,0.4295561278594152,0.5955033566337118,0.2015761543874241,0.1556572969302,0.5,379,0.2427440633245382,287,0,92,0
gru,44,raw,tissues,0.7755644090305445,0.1923076923076923,0.0326797385620915,0.0558659217877094,0.3106599034701407,0.6105446623093682,0.5157348109205211,0.1668563872789478,0.1871114539589927,0.5,753,0.2031872509960159,579,21,148,5
gru,44,temperature,grappe,0.8237885462555066,0.6818181818181818,0.2205882352941176,0.3333333333333333,0.4788229363444031,0.6693874797625471,0.4916605689827186,0.137719099055728,0.1428423093643012,0.5,681,0.1997063142437591,531,14,106,30
gru,44,temperature,socks,0.7572559366754618,0.0,0.0,0.0,0.2004103327842449,0.4295561278594152,0.7128928696029658,0.2172821011694366,0.1812807417329603,0.5,379,0.2427440633245382,287,0,92,0
gru,44,temperature,tissues,0.7755644090305445,0.1923076923076923,0.0326797385620915,0.0558659217877094,0.3106599034701407,0.6105446623093682,0.5137174244482993,0.1614160131777207,0.1189590265730103,0.5,753,0.2031872509960159,579,21,148,5
